Workbook

Sheet hr_employee_data
A1: Employee_ID | B1: Age | C1: Gender | D1: Department | E1: Job_Role | F1: Monthly_Income | G1: Years_At_Company | H1: Education | I1: Marital_Status | J1: Job_Satisfaction | K1: Environment_Satisfaction | L1: Overtime | M1: Performance_Rating | N1: Distance_From_Home_KM | O1: Training_Times_Last_Year | P1: Work_Life_Balance | Q1: Attrition
A2: EMP0001 | B2: 39 | C2: Female | D2: Research & Development | E2: Manager | F2: 13741 | G2: 0 | H2: Master's | I2: Single | J2: 3 | K2: 3 | L2: Yes | M2: 4 | N2: 4 | O2: 2 | P2: 2 | Q2: Yes
A3: EMP0002 | B3: 35 | C3: Female | D3: Sales | E3: Sales Executive | F3: 3956 | G3: 2 | H3: Master's | I3: Single | J3: 1 | K3: 3 | L3: No | M3: 2 | N3: 28 | O3: 3 | P3: 4 | Q3: No
A4: EMP0003 | B4: 34 | C4: Female | D4: Human Resources | E4: HR Specialist | F4: 5572 | G4: 0 | H4: Master's | I4: Married | J4: 3 | K4: 2 | L4: No | M4: 4 | N4: 18 | O4: 1 | P4: 1 | Q4: Yes
A5: EMP0004 | B5: 40 | C5: Female | D5: Sales | E5: Sales Executive | F5: 4752 | G5: 1 | H5: PhD | I5: Married | J5: 2 | K5: 2 | L5: No | M5: 2 | N5: 18 | O5: 1 | P5: 4 | Q5: No
A6: EMP0005 | B6: 38 | C6: Male | D6: Research & Development | E6: Laboratory Technician | F6: 10595 | G6: 9 | H6: Bachelor's | I6: Single | J6: 1 | K6: 2 | L6: No | M6: 3 | N6: 25 | O6: 3 | P6: 4 | Q6: No
A7: EMP0006 | B7: 21 | C7: Male | D7: Sales | E7: Sales Executive | F7: 5067 | G7: 0 | H7: Master's | I7: Married | J7: 3 | K7: 1 | L7: No | M7: 3 | N7: 27 | O7: 4 | P7: 2 | Q7: No
A8: EMP0007 | B8: 45 | C8: Male | D8: Research & Development | E8: Research Scientist | F8: 6726 | G8: 5 | H8: Master's | I8: Single | J8: 4 | K8: 4 | L8: Yes | M8: 3 | N8: 3 | O8: 4 | P8: 3 | Q8: No
A9: EMP0008 | B9: 29 | C9: Male | D9: Research & Development | E9: Research Scientist | F9: 7999 | G9: 2 | H9: Bachelor's | I9: Married | J9: 3 | K9: 3 | L9: No | M9: 3 | N9: 29 | O9: 3 | P9: 2 | Q9: No
A10: EMP0009 | B10: 27 | C10: Female | D10: Sales | E10: Sales Executive | F10: 9646 | G10: 9 | H10: Bachelor's | I10: Married | J10: 1 | K10: 2 | L10: No | M10: 4 | N10: 28 | O10: 3 | P10: 4 | Q10: No
A11: EMP0010 | B11: 31 | C11: Male | D11: Marketing | E11: Marketing Executive | F11: 6737 | G11: 2 | H11: High School | I11: Single | J11: 4 | K11: 1 | L11: No | M11: 1 | N11: 8 | O11: 2 | P11: 1 | Q11: No
A12: EMP0011 | B12: 49 | C12: Female | D12: Marketing | E12: Marketing Executive | F12: 7714 | G12: 2 | H12: High School | I12: Married | J12: 1 | K12: 2 | L12: No | M12: 3 | N12: 2 | O12: 2 | P12: 1 | Q12: No
A13: EMP0012 | B13: 37 | C13: Male | D13: Human Resources | E13: HR Executive | F13: 6483 | G13: 1 | H13: Bachelor's | I13: Married | J13: 2 | K13: 1 | L13: No | M13: 4 | N13: 23 | O13: 3 | P13: 3 | Q13: No
... A1201: EMP1200 | B1201: 30 | C1201: Female | D1201: Finance | E1201: Manager | F1201: 11185 | G1201: 0 | H1201: Bachelor's | I1201: Divorced | J1201: 4 | K1201: 2 | L1201: Yes | M1201: 3 | N1201: 28 | O1201: 3 | P1201: 1 | Q1201: No

Sheet HR Summary
A1: HR Employee Attrition Analysis
A3: Total Employees | B3: =COUNTA(HRData[Employee_ID]) -> 1200
A4: Employees Left | B4: =COUNTIF(HRData[Attrition],"Yes") -> 143
A5: Attriton Rate | B5: =B4/B3 -> 0.11916667
A6: Average Monthly Income | B6: =AVERAGE(HRData[Monthly_Income]) -> 8803.0683
A7: Average Years at Company | B7: =AVERAGE(HRData[Years_At_Company]) -> 3.7983333

Sheet Department Analysis
A1: Department | B1: Total Employees | C1: Employees Left | D1: Attrition Rate
A2: Sales | B2: =COUNTIF(HRData[Department],A2) -> 311 | C2: =COUNTIFS(HRData[Department],A2,HRData[Attrition],"Yes") -> 33 | D2: =C2/B2 -> 0.10610932
A3: Research & Development | B3: =COUNTIF(HRData[Department],A3) -> 286 | C3: =COUNTIFS(HRData[Department],A3,HRData[Attrition],"Yes") -> 42 | D3: =C3/B3 -> 0.14685315
A4: Human Resources | B4: =COUNTIF(HRData[Department],A4) -> 107 | C4: =COUNTIFS(HRData[Department],A4,HRData[Attrition],"Yes") -> 12 | D4: =C4/B4 -> 0.11214953
A5: Finance | B5: =COUNTIF(HRData[Department],A5) -> 139 | C5: =COUNTIFS(HRData[Department],A5,HRData[Attrition],"Yes") -> 19 | D5: =C5/B5 -> 0.13669065
A6: IT | B6: =COUNTIF(HRData[Department],A6) -> 208 | C6: =COUNTIFS(HRData[Department],A6,HRData[Attrition],"Yes") -> 26 | D6: =C6/B6 -> 0.125
A7: Marketing | B7: =COUNTIF(HRData[Department],A7) -> 149 | C7: =COUNTIFS(HRData[Department],A7,HRData[Attrition],"Yes") -> 11 | D7: =C7/B7 -> 0.073825503

Sheet Job Role Analysis
A1: Job Role | B1: Total Employees | C1: Employees Left | D1: Attrition Rate
A2: Sales Executive | B2: =COUNTIF(HRData[Job_Role],A2) -> 181 | C2: =COUNTIFS(HRData[Job_Role],A2,HRData[Attrition],"Yes") -> 18 | D2: =C2/B2 -> 0.099447514
A3: Sales Representative | B3: =COUNTIF(HRData[Job_Role],A3) -> 89 | C3: =COUNTIFS(HRData[Job_Role],A3,HRData[Attrition],"Yes") -> 10 | D3: =C3/B3 -> 0.11235955
A4: Manager | B4: =COUNTIF(HRData[Job_Role],A4) -> 177 | C4: =COUNTIFS(HRData[Job_Role],A4,HRData[Attrition],"Yes") -> 22 | D4: =C4/B4 -> 0.12429379
A5: Research Scientist | B5: =COUNTIF(HRData[Job_Role],A5) -> 146 | C5: =COUNTIFS(HRData[Job_Role],A5,HRData[Attrition],"Yes") -> 24 | D5: =C5/B5 -> 0.16438356
A6: Laboratory Technician | B6: =COUNTIF(HRData[Job_Role],A6) -> 90 | C6: =COUNTIFS(HRData[Job_Role],A6,HRData[Attrition],"Yes") -> 10 | D6: =C6/B6 -> 0.11111111
A7: HR Executive | B7: =COUNTIF(HRData[Job_Role],A7) -> 62 | C7: =COUNTIFS(HRData[Job_Role],A7,HRData[Attrition],"Yes") -> 4 | D7: =C7/B7 -> 0.064516129
A8: HR Specialist | B8: =COUNTIF(HRData[Job_Role],A8) -> 30 | C8: =COUNTIFS(HRData[Job_Role],A8,HRData[Attrition],"Yes") -> 5 | D8: =C8/B8 -> 0.16666667
A9: Financial Analyst | B9: =COUNTIF(HRData[Job_Role],A9) -> 81 | C9: =COUNTIFS(HRData[Job_Role],A9,HRData[Attrition],"Yes") -> 12 | D9: =C9/B9 -> 0.14814815
A10: Finance Executive | B10: =COUNTIF(HRData[Job_Role],A10) -> 40 | C10: =COUNTIFS(HRData[Job_Role],A10,HRData[Attrition],"Yes") -> 5 | D10: =C10/B10 -> 0.125
A11: Software Engineer | B11: =COUNTIF(HRData[Job_Role],A11) -> 116 | C11: =COUNTIFS(HRData[Job_Role],A11,HRData[Attrition],"Yes") -> 14 | D11: =C11/B11 -> 0.12068966
A12: IT Support | B12: =COUNTIF(HRData[Job_Role],A12) -> 63 | C12: =COUNTIFS(HRData[Job_Role],A12,HRData[Attrition],"Yes") -> 10 | D12: =C12/B12 -> 0.15873016
A13: Marketing Executive | B13: =COUNTIF(HRData[Job_Role],A13) -> 81 | C13: =COUNTIFS(HRData[Job_Role],A13,HRData[Attrition],"Yes") -> 6 | D13: =C13/B13 -> 0.074074074
A14: Marketing Specialist | B14: =COUNTIF(HRData[Job_Role],A14) -> 44 | C14: =COUNTIFS(HRData[Job_Role],A14,HRData[Attrition],"Yes") -> 3 | D14: =C14/B14 -> 0.068181818

Sheet Overtime Analysis
A1: Overtime | B1: Total Employees | C1: Employees Left | D1: Attrition Rate
A2: Yes | B2: =COUNTIF(HRData[Overtime],A2) -> 333 | C2: =COUNTIFS(HRData[Overtime],A2,HRData[Attrition],"Yes") -> 51 | D2: =C2/B2 -> 0.15315315
A3: No | B3: =COUNTIF(HRData[Overtime],A3) -> 867 | C3: =COUNTIFS(HRData[Overtime],A3,HRData[Attrition],"Yes") -> 92 | D3: =C3/B3 -> 0.10611303

Sheet Age Group Analysis
A1: Age Group | B1: Total Employees | C1: Employees Left | D1: Attrition Rate
A2: Under 25 | B2: =COUNTIFS(HRData[Age],"<25") -> 160 | C2: =COUNTIFS(HRData[Age],"<25",HRData[Attrition],"Yes") -> 20 | D2: =C2/B2 -> 0.125
A3: 25-34 | B3: =COUNTIFS(HRData[Age],">=25",HRData[Age],"<35") -> 491 | C3: =COUNTIFS(HRData[Age],">=25",HRData[Age],"<35",HRData[Attrition],"Yes") -> 65 | D3: =C3/B3 -> 0.13238289
A4: 35-44 | B4: =COUNTIFS(HRData[Age],">=35",HRData[Age],"<45") -> 442 | C4: =COUNTIFS(HRData[Age],">=35",HRData[Age],"<45",HRData[Attrition],"Yes") -> 40 | D4: =C4/B4 -> 0.090497738
A5: 45-54 | B5: =COUNTIFS(HRData[Age],">=45",HRData[Age],"<55") -> 101 | C5: =COUNTIFS(HRData[Age],">=45",HRData[Age],"<55",HRData[Attrition],"Yes") -> 18 | D5: =C5/B5 -> 0.17821782
A6: 55+ | B6: =COUNTIFS(HRData[Age],">=55") -> 6 | C6: =COUNTIFS(HRData[Age],">=55",HRData[Attrition],"Yes") -> 0 | D6: =C6/B6 -> 0

Sheet Income Analysis
A1: Department | B1: Average Monthly Income
A2: Sales | B2: =AVERAGEIF(HRData[Department],A2,HRData[Monthly_Income]) -> 8782.9357
A3: Research & Development | B3: =AVERAGEIF(HRData[Department],A3,HRData[Monthly_Income]) -> 9108.2483
A4: Human Resources | B4: =AVERAGEIF(HRData[Department],A4,HRData[Monthly_Income]) -> 8478.3832
A5: Finance | B5: =AVERAGEIF(HRData[Department],A5,HRData[Monthly_Income]) -> 8401.7698
A6: IT | B6: =AVERAGEIF(HRData[Department],A6,HRData[Monthly_Income]) -> 8853.7981
A7: Marketing | B7: =AVERAGEIF(HRData[Department],A7,HRData[Monthly_Income]) -> 8796.0201

Sheet HR Dashboard
A1: HR Employee Attrition Dashboard
A3: Total Employees | C3: Employees Left | E3: Attrition Rate | G3: Avg Monthly Income | I3: Avg Years at Company
A4: ='HR Summary'!B3 -> 1200 | C4: ='HR Summary'!B4 -> 143 | E4: ='HR Summary'!B5 -> 0.11916667 | G4: ='HR Summary'!B6 -> 8803.0683 | I4: ='HR Summary'!B7 -> 3.7983333
